rfid,Sex,Squad #,ChamberColor,ChamberNumber,DelayLever,Shipment,3-cleaning-criteria (jeab paper),ObjectiveAUC-normD,Hyperbolic-k-FittedBias,Hyperbolic-k-ln,Exponential-k-FittedBias,Exponential-k-ln
45877,M,6,blue,5,right,1,0,0.957631864,0.083693491,-2.480594067,0.059933349,-2.814522185
45878,M,6,blue,7,right,1,0,0.315916137,0.586409094,-0.533737621,0.303845469,-1.191236032
45880,F,2,blue,11,right,1,0,0.430537409,0.078951755,-2.538918309,0.052933573,-2.938717492
45881,M,4,blue,9,right,1,0,0.321120185,0.387886912,-0.947041446,0.218198324,-1.522350886
45882,F,3,blue,9,left,1,0,0.326271753,0.06821634,-2.685071152,0.053475485,-2.928531947
45883,M,6,blue,6,left,1,0,0.375291759,0.189247743,-1.664698315,0.11519641,-2.161116694
45884,F,1,blue,8,right,1,1,0.53450084,0.022876078,-3.777663529,0.019736428,-3.925289214
45885,M,4,blue,10,left,1,0,0.519139667,0.186665517,-1.678436943,0.111042289,-2.197844166
45886,M,2,blue,6,left,1,0,0.504332529,0.110217643,-2.205298298,0.070680633,-2.649583675
45887,M,3,blue,6,right,1,0,0.370128005,0.054953629,-2.90126555,0.03983814,-3.222930547
45888,F,2,blue,12,left,1,0,0.357603766,0.125802324,-2.073043461,0.080474559,-2.519814177
45889,F,4,blue,15,right,1,1,0.379548248,0.323337399,-1.129058921,0.159099517,-1.838225381
45891,M,4,blue,7,right,1,0,0.236535157,0.715103413,-0.335328113,0.396453776,-0.925195826
45892,M,2,blue,16,left,1,0,0.489551603,0.245753713,-1.403425413,0.133424394,-2.014220299
45893,M,2,blue,14,left,1,0,0.45607255,0.121889486,-2.104640499,0.076107924,-2.57560289
45894,F,5,blue,4,right,1,0,0.926284931,0.082783394,-2.491527797,0.055105305,-2.898509291
45895,F,5,blue,10,right,1,0,0.62500477,0.066758977,-2.706666507,0.0428604,-3.14980696
45896,F,5,blue,3,left,1,0,0.507152257,0.2276629,-1.479889252,0.101030672,-2.292331127
45897,M,3,blue,5,left,1,0,0.51540573,0.132330354,-2.022453803,0.083133154,-2.487311689
45898,F,5,blue,7,left,1,0,0.293415306,0.287478544,-1.246607052,0.149547946,-1.900138228
45899,F,2,blue,7,right,1,0,0.374855151,0.210213271,-1.559632689,0.118105504,-2.136176955
45900,F,5,blue,8,right,1,0,0.429724399,0.185748598,-1.683361143,0.107035307,-2.234596527
45901,M,1,blue,6,right,1,1,0.508311889,0.328152878,-1.114275687,0.167617968,-1.786067889
45903,M,4,blue,6,left,1,0,0.442014788,0.186186635,-1.681005692,0.110342416,-2.204166879
45907,M,4,blue,12,left,1,0,0.588284076,0.142824327,-1.946139885,0.085249618,-2.462171639
45910,M,4,blue,11,right,1,0,0.361767674,0.139785636,-1.967645199,0.082374348,-2.496481196
45911,M,6,blue,8,left,1,1,0.521638514,0.093819204,-2.366385706,0.061353605,-2.791101342
45912,M,4,blue,8,left,1,0,0.349811915,0.211559823,-1.553247467,0.115287995,-2.160321974
45915,F,3,blue,10,right,1,0,0.659344518,0.169298652,-1.776090955,0.095739103,-2.346128468
45918,M,4,blue,5,right,1,0,0.406395973,0.169895768,-1.77257016,0.10875272,-2.2186786
45920,M,4,blue,2,left,1,0,0.485837884,0.206676815,-1.576598985,0.115453088,-2.158890999
45921,F,1,blue,7,left,1,0,0.409569099,0.223222067,-1.499588188,0.1293804,-2.044998373
45924,M,1,blue,3,left,1,1,0.482352382,0.099034823,-2.312283742,0.064477686,-2.741436067
45925,M,4,blue,1,right,1,0,0.531810278,0.180749206,-1.710644812,0.106029649,-2.244036515
46051,F,5,blue,1,left,1,0,0.438548777,0.148214402,-1.909095391,0.08696651,-2.442232175
46052,M,2,blue,9,right,1,0,0.402733619,0.209725229,-1.561957037,0.110814396,-2.199898584
46053,M,2,blue,13,right,1,0,0.362346862,0.255141627,-1.365936488,0.138465208,-1.977136192
46055,M,2,blue,5,right,1,0,0.454906617,0.149140728,-1.902864936,0.093557174,-2.369182548
46056,M,5,blue,5,left,1,0,0.486863635,0.077515504,-2.557277307,0.054523958,-2.909115081
46057,F,2,blue,8,left,1,0,0.405182104,0.231163542,-1.464629843,0.113636591,-2.174749723
46058,M,1,blue,1,left,1,0,0.394364867,0.185719118,-1.683519862,0.101958092,-2.283193412
46059,M,3,blue,11,left,1,0,0.387767755,0.207754979,-1.571395879,0.102511442,-2.277780855
46060,F,1,blue,16,right,1,0,0.6023591,0.100655,-2.29605645,0.063886752,-2.750643266
46061,M,1,blue,13,left,1,0,0.659882658,0.149487296,-1.900543866,0.087631665,-2.434612868
46062,F,1,blue,11,left,1,1,0.351167779,0.129800298,-2.041758177,0.088743757,-2.422002201
46063,F,3,blue,8,right,1,0,0.42553188,0.074906916,-2.591509052,0.050248062,-2.99078329
46064,F,4,blue,14,left,1,0,0.352105244,0.144902479,-1.931694323,0.089623957,-2.412132619
46065,F,5,blue,9,left,1,0,0.379298335,0.144616748,-1.93366815,0.079749014,-2.528870899
46067,M,1,blue,2,right,1,0,0.370626129,0.13168305,-2.027357381,0.076994037,-2.564027308
46068,F,1,blue,12,right,1,0,0.416779865,0.172241584,-1.758857228,0.093278321,-2.372167551
46069,M,1,blue,14,right,1,1,0.204332981,0.180886039,-1.709888067,0.105948752,-2.244799777
46070,M,2,blue,15,right,1,0,0.503124817,0.052605031,-2.944943521,0.043083547,-3.144614106
46071,M,6,blue,1,right,1,1,0.34411822,0.317962543,-1.145821693,0.184644215,-1.689324468
46072,M,6,blue,2,left,1,0,0.498004515,0.133221538,-2.015741834,0.082897367,-2.49015198
46073,F,3,blue,13,left,1,0,0.892074071,0.098593772,-2.316747181,0.065124431,-2.73145551
46074,M,5,blue,6,right,1,0,0.466625402,0.233458384,-1.454751445,0.137236311,-1.986050941
46075,F,5,blue,2,right,1,0,0.680684909,0.158745195,-1.840454909,0.097553353,-2.327355845
46179,M,2,blue,1,right,1,0,0.51043199,0.164917305,-1.802311111,0.104025936,-2.263115025
46181,F,5,blue,15,left,1,0,0.353309213,0.060904576,-2.798446974,0.04512431,-3.098334162
46182,F,5,blue,11,left,1,0,0.390048814,0.139366752,-1.970646318,0.084917293,-2.466077521
46184,F,5,blue,16,right,1,0,0.560237484,0.100435728,-2.29823728,0.06800255,-2.688210075
46188,M,1,blue,9,left,1,0,0.261662844,0.265680787,-1.325459741,0.15344153,-1.874435694
46190,M,2,blue,2,left,1,0,0.368115515,0.114489047,-2.167276119,0.073415551,-2.611619496
46196,M,5,blue,14,right,1,0,0.563015607,0.146911607,-1.917924188,0.087299931,-2.43840561
46251,F,5,blue,12,right,1,0,0.515670673,0.053083809,-2.935883304,0.040996555,-3.194267231
46252,M,4,blue,4,left,1,1,0.43563117,0.125535771,-2.075164531,0.083566334,-2.482114547
46253,F,1,blue,15,left,1,0,0.375202915,0.063475251,-2.757105197,0.040952841,-3.195334084
46254,M,3,blue,1,left,1,0,0.50386045,0.168714931,-1.779544788,0.095402799,-2.349647356
46255,F,3,blue,4,right,1,0,0.486028623,0.11697701,-2.145777856,0.069089246,-2.672356194
46256,F,4,blue,13,right,1,0,0.446639648,0.168206009,-1.78256581,0.104477027,-2.258788066
46257,M,6,blue,4,left,1,1,0.344889207,0.331084512,-1.105381613,0.195265578,-1.633394708
46258,M,5,blue,13,left,1,0,0.4307371,0.243285751,-1.413518598,0.142785344,-1.946412865
46259,M,1,blue,10,right,1,0,0.333709259,0.163531638,-1.810748801,0.101879677,-2.283962803
46260,M,2,blue,10,left,1,0,0.441152112,0.145063747,-1.930581997,0.08446923,-2.471367954
46261,F,3,blue,16,right,1,0,0.349371738,0.24129118,-1.421750861,0.128270892,-2.053610905
46262,M,3,blue,12,right,1,0,0.386948191,0.122812076,-2.097099929,0.074009799,-2.603557782
46263,F,6,blue,10,left,1,0,0.576896462,0.227529195,-1.48047672,0.1290491,-2.047562329
46264,F,3,blue,15,left,1,0,0.388699085,0.148089844,-1.909936136,0.090744536,-2.399707015
46265,F,2,blue,4,left,1,0,0.638207582,0.150712424,-1.892381733,0.086427097,-2.448454027
46266,F,3,blue,7,left,1,0,0.297226933,0.070668935,-2.649749192,0.051348458,-2.96912037
46267,F,6,blue,9,right,1,0,0.52831008,0.150326277,-1.894947166,0.088175825,-2.428422446
46268,F,2,blue,3,right,1,0,0.308636102,0.16771478,-1.785490481,0.099880922,-2.30377658
46269,M,6,blue,3,right,1,0,0.298501621,0.179503762,-1.717559112,0.110785974,-2.200155103
46270,F,3,blue,3,left,1,0,0.44012915,0.067030517,-2.702607292,0.043125869,-3.143632243
46271,F,3,blue,14,right,1,0,0.489769893,0.098606588,-2.316617203,0.065107524,-2.731715156
46274,M,4,blue,3,right,1,0,0.422726791,0.055330696,-2.894427435,0.039822448,-3.223324514
46275,M,3,blue,2,right,1,0,0.38463222,0.053083172,-2.935895307,0.039166085,-3.239944075
46276,M,1,blue,5,left,1,1,0.808159417,0.080395867,-2.520792505,0.051464204,-2.966868785
46282,M,1,blue,4,right,1,0,0.572208343,0.173158123,-1.753550096,0.09796543,-2.323140614
45751,M,4,blue,8,left,2,1,0.319148046,0.152785976,-1.878717185,0.095340269,-2.350303003
45756,F,5,blue,12,right,2,0,0.35331493,0.083817147,-2.47911767,0.055368407,-2.893746123
45757,F,2,blue,12,left,2,0,0.312850149,0.249251568,-1.389292581,0.129373475,-2.045051902
45759,F,5,blue,8,right,2,0,0.431175437,0.151993548,-1.883917207,0.09283606,-2.376920137
45760,M,4,blue,6,left,2,0,0.498878428,0.172621139,-1.756656036,0.099522394,-2.30737259
45761,F,5,blue,13,left,2,0,0.456186854,0.109308545,-2.213580705,0.070862306,-2.647016635
45766,F,2,blue,11,right,2,1,0.532203189,0.159247057,-1.837298464,0.0973575,-2.329365507
45768,F,5,blue,14,right,2,0,0.314002892,0.272465531,-1.300243164,0.159523922,-1.835561388
45769,F,5,blue,11,left,2,0,0.420186478,0.105510815,-2.248941824,0.065752924,-2.721851139
45772,F,2,blue,10,left,2,0,0.325800734,0.287117838,-1.247862563,0.168373135,-1.78157272
45803,F,1,blue,9,left,2,0,0.558439184,0.285621077,-1.253089251,0.161493584,-1.823289867
45804,M,2,red,8,left,2,0,0.453879081,0.158900074,-1.839479742,0.097880829,-2.324004574
45812,F,4,blue,10,left,2,0,0.424468901,0.061666682,-2.786011501,0.046749998,-3.062941057
45821,F,2,blue,15,right,2,0,0.290812389,0.273910924,-1.294952321,0.162572019,-1.816634182
45822,M,1,blue,11,left,2,0,0.322885245,0.165254955,-1.800265813,0.086178775,-2.451331362
46027,M,2,red,7,right,2,1,0.284213577,0.144023876,-1.937776187,0.092822313,-2.377068226
46032,M,2,blue,7,right,2,0,0.311372592,0.274087761,-1.294306927,0.152152187,-1.882874028
46034,F,4,blue,9,right,2,0,0.495774543,0.196592472,-1.626622362,0.110289759,-2.204644206
46037,M,2,blue,8,left,2,1,0.478801069,0.192004219,-1.650237933,0.118261308,-2.134858626
46038,F,3,red,3,left,2,0,0.401706418,0.038219781,-3.264402066,0.03120076,-3.467312832
46041,F,2,blue,16,left,2,0,0.539877502,0.179217032,-1.719157736,0.100797564,-2.294641089
46045,M,1,blue,2,right,2,0,0.751034375,0.084923225,-2.46600767,0.058920129,-2.831572499
46046,F,3,red,4,right,2,0,0.500035605,0.107527994,-2.230004058,0.070974273,-2.645437814
46047,F,4,red,2,left,2,0,0.602610797,0.061588201,-2.787284974,0.04352002,-3.134534213
46048,F,1,blue,10,right,2,0,0.449668604,0.098021311,-2.322570362,0.061176349,-2.793994617
46050,M,1,blue,12,right,2,0,0.308427237,0.106270222,-2.241770168,0.071411366,-2.639298229
46326,M,3,red,2,right,2,0,0.390812299,0.094432293,-2.359872174,0.060990513,-2.797036951
46327,F,5,blue,2,right,2,1,0.435570657,0.202716175,-1.59594843,0.112501808,-2.184785987
46329,M,4,blue,3,right,2,0,0.339530727,0.095619506,-2.347378438,0.062876607,-2.766581087
46330,M,3,blue,16,right,2,0,0.548732638,0.105162352,-2.252249916,0.068757147,-2.677174591
46331,F,1,red,1,left,2,0,0.470276212,0.098620451,-2.316476628,0.062384292,-2.774441768
46332,F,1,red,2,right,2,0,0.352779606,0.056208046,-2.87869536,0.043454574,-3.13603917
46333,F,5,blue,3,left,2,0,0.538869709,0.083333309,-2.484906948,0.055542067,-2.890614579
46334,M,3,blue,9,left,2,0,0.533415357,0.159914369,-1.8331168,0.097207728,-2.330905064
46335,M,3,blue,15,left,2,0,0.350091861,0.184120676,-1.692163887,0.106433264,-2.240237115
46337,M,3,blue,10,right,2,0,0.37797203,0.136688379,-1.990051551,0.086008579,-2.453308237
46338,M,3,blue,7,left,2,0,0.619102516,0.040131238,-3.215600253,0.033028083,-3.410397077
46339,M,3,blue,11,left,2,0,0.85311147,0.038722416,-3.251336617,0.030220215,-3.499244196
46340,F,4,red,5,right,2,0,0.478775525,0.174835844,-1.743907779,0.101211286,-2.290545011
46341,F,4,red,6,left,2,0,0.45598273,0.141300664,-1.956865287,0.080246977,-2.522646183
46342,M,4,blue,1,right,2,0,0.472142999,0.157688651,-1.847132751,0.09392339,-2.365275831
46343,F,5,blue,1,left,2,0,0.632312802,0.056814552,-2.867962782,0.040079663,-3.216886241
46344,F,1,red,8,right,2,1,0.410600093,0.066129987,-2.71613297,0.053595126,-2.92629714
46346,M,3,red,1,left,2,0,0.443763897,0.125865542,-2.072541071,0.079806,-2.52815659
46347,M,3,blue,12,right,2,0,0.416439184,0.079569448,-2.53112508,0.054302984,-2.913176091
46348,F,4,red,8,left,2,0,0.627433762,0.086636702,-2.446031747,0.054676989,-2.90631234
46349,F,5,blue,5,left,2,0,0.421772344,0.177276625,-1.730043914,0.103270198,-2.270406448
46351,M,3,blue,8,right,2,0,0.439097263,0.199551775,-1.611681552,0.110387235,-2.203760773
46353,M,3,red,8,right,2,0,0.319817026,0.153646284,-1.873102172,0.089894473,-2.409118814
46355,F,4,red,4,left,2,0,0.562937945,0.119937051,-2.120788246,0.073085585,-2.616124125
46356,M,3,red,7,left,2,0,0.448870233,0.151659525,-1.886117237,0.0934782,-2.370027025
46359,F,4,red,3,right,2,0,0.514588871,0.097990602,-2.322883706,0.059408733,-2.823314041
46360,F,5,blue,4,right,2,0,0.521110189,0.188369374,-1.669350486,0.113096139,-2.179517032
46361,M,5,blue,10,right,2,0,0.384057772,0.106763592,-2.237138311,0.068769151,-2.677000019
46362,M,5,blue,9,left,2,1,0.382546501,0.14854277,-1.906882352,0.092712498,-2.378251997
46367,F,2,blue,6,left,2,0,0.42469631,0.160304343,-1.830681129,0.088210962,-2.428024042
46368,M,2,red,3,right,2,0,0.40851033,0.09472749,-2.356751034,0.059310278,-2.824972663
46369,F,1,blue,15,left,2,0,0.39226607,0.064350216,-2.743414994,0.049645924,-3.002838988
46370,F,4,red,7,right,2,0,0.416058766,0.288431833,-1.243296503,0.165031007,-1.801621903
46373,F,2,blue,5,right,2,0,0.380983432,0.13238875,-2.02201261,0.08393472,-2.477715921
46375,F,1,blue,16,right,2,0,0.46932341,0.167891445,-1.78443767,0.104455234,-2.258996685
46478,M,1,blue,8,right,2,1,0.375973051,0.184218554,-1.691632433,0.105850994,-2.245722894
46479,F,2,blue,2,left,2,0,0.465880628,0.139189153,-1.971921457,0.080251465,-2.522590263
46481,F,5,blue,7,left,2,0,0.369309668,0.092166024,-2.384163721,0.057750127,-2.851629722
46482,F,1,red,3,left,2,0,0.558867482,0.134080012,-2.009318551,0.079972564,-2.526071659
46483,F,2,blue,1,right,2,0,0.442616842,0.133401969,-2.014388382,0.076192571,-2.574491321
46484,M,3,blue,6,right,2,0,0.464978746,0.301475574,-1.199066281,0.174697452,-1.744699646
46485,M,3,red,5,left,2,0,0.382285183,0.114732048,-2.165155891,0.069913102,-2.660502205
46486,F,2,blue,9,right,2,0,0.350576656,0.239709378,-1.428328014,0.142574623,-1.947889747
46488,M,4,blue,2,left,2,0,0.358523133,0.084542915,-2.470496009,0.059686989,-2.81864123
46490,M,3,red,6,right,2,0,0.495104169,0.265766828,-1.325135942,0.143787522,-1.939418609
46491,F,1,red,4,right,2,0,0.49429905,0.145381008,-1.928397341,0.089070854,-2.418323114
46492,F,1,red,5,left,2,0,0.532819187,0.155125003,-1.863524017,0.096502694,-2.338184355
46493,M,2,red,4,left,2,0,0.438487289,0.116347451,-2.151174298,0.071547405,-2.637395041
46494,F,1,red,7,left,2,0,0.441972624,0.139317552,-1.970999403,0.092449224,-2.381095716
46495,F,5,blue,6,right,2,0,0.520340151,0.073838498,-2.605875036,0.05255196,-2.945952878
46496,F,1,red,6,right,2,0,0.438606696,0.126022984,-2.071290973,0.079311454,-2.534372728
46497,M,4,blue,5,right,2,0,0.316790496,0.269784853,-1.310130477,0.159482599,-1.83582046
46498,M,4,blue,7,right,2,0,0.377092456,0.187875959,-1.671973328,0.111137006,-2.196991547
46500,M,4,blue,4,left,2,1,0.444153991,0.158147293,-1.844228446,0.093179235,-2.373230387
46553,F,4,blue,13,right,2,0,0.37768015,0.205089521,-1.584308708,0.106170501,-2.242708975
46555,F,4,blue,12,left,2,0,0.520006302,0.232935227,-1.456994859,0.127819817,-2.057133683
46561,M,1,blue,4,right,2,0,0.369943234,0.135417363,-1.999393695,0.080064041,-2.52492845
46564,M,2,blue,3,right,2,0,0.394526242,0.088252182,-2.427556858,0.058882065,-2.832218728
46569,M,3,blue,13,left,2,0,0.563328569,0.187941219,-1.671626028,0.110611042,-2.201735361
46571,F,2,red,2,left,2,0,0.402134465,0.194255196,-1.63858254,0.117582609,-2.140614139
46572,M,1,blue,3,left,2,0,0.421123525,0.239098368,-1.43088023,0.136255232,-1.993225444
46573,F,4,red,1,right,2,0,0.366844508,0.121497356,-2.107862782,0.071892814,-2.632578965
46575,F,4,blue,11,right,2,0,0.506186516,0.145096253,-1.93035794,0.085904036,-2.454524464
46752,M,1,blue,14,right,2,1,0.367088843,0.089388654,-2.414761521,0.058408596,-2.840292202
46753,F,4,blue,16,left,2,0,0.383635581,0.36233729,-1.015179762,0.198167548,-1.618642404
46755,F,2,red,5,right,2,0,0.344549084,0.159632955,-1.83487813,0.084261545,-2.473829685
46756,M,3,blue,14,right,2,0,0.428171104,0.257574579,-1.356445973,0.148797532,-1.905168745
46757,F,2,blue,14,left,2,0,0.475594313,0.01191996,-4.429541008,0.011266719,-4.485902158
46758,M,1,blue,6,right,2,0,0.508968097,0.066463628,-2.711100425,0.044785674,-3.105866961
46759,F,2,red,1,right,2,0,0.520558887,0.17782983,-1.726928199,0.096392727,-2.339324525
46760,M,3,blue,5,left,2,0,0.99747125,0.024763441,-3.698386877,0.023107139,-3.767613642
46761,M,1,blue,5,left,2,1,0.37759942,0.144306273,-1.935817345,0.094218515,-2.362138564
46762,M,1,blue,1,left,2,0,0.447530822,0.077076226,-2.562960403,0.053017341,-2.937136232
46763,M,3,blue,3,left,2,0,0.744636758,0.064255976,-2.744880542,0.049126631,-3.013354011
46764,F,3,blue,2,right,2,0,0.581384403,0.202616667,-1.596439424,0.116867995,-2.146710227
46766,F,4,blue,14,left,2,0,0.375605864,0.235209581,-1.44727833,0.133402923,-2.014381231
46767,M,1,blue,7,left,2,1,0.492299498,0.215373848,-1.535379931,0.121890333,-2.10463355
46768,F,4,blue,15,right,2,0,0.386089114,0.142373272,-1.949302997,0.084674721,-2.468938173
46769,M,2,blue,4,left,2,1,0.387766584,0.117638139,-2.140141983,0.077247652,-2.560738752
46770,F,2,red,6,left,2,0,0.295247905,0.165268777,-1.800182181,0.099035177,-2.312280169
46771,F,2,blue,13,right,2,0,0.451113925,0.20460185,-1.586689383,0.121177848,-2.110495996
46772,M,1,blue,13,left,2,0,0.400341631,0.199707962,-1.61089917,0.114601719,-2.166292476
46774,F,3,blue,1,left,2,0,0.711197554,0.223703919,-1.497431893,0.116883118,-2.146580831
46775,M,3,blue,4,right,2,0,0.59998744,0.172788523,-1.75568684,0.099678495,-2.305805327
46876,M,4,blue,2,left,3,1,0.221628187,0.2071819,-1.574158126,0.121594846,-2.107060691
46877,F,4,blue,15,right,3,0,0.298063339,0.176513622,-1.734357229,0.099372517,-2.30887969
46878,M,1,blue,2,right,3,0,0.40318576,0.132970909,-2.017624903,0.078645261,-2.542807904
46880,M,3,blue,12,right,3,0,0.593101738,0.122239316,-2.101774549,0.078938967,-2.53908029
46881,M,3,red,4,right,3,0,0.467699285,0.113848722,-2.17288471,0.068355824,-2.683028511
46882,M,3,blue,11,left,3,0,0.402582339,0.20420717,-1.588620261,0.113075769,-2.179697166
46883,M,3,blue,8,right,3,0,0.318335621,0.179895667,-1.715378222,0.10033554,-2.299235314
46884,M,1,red,2,right,3,1,0.305948106,0.119909717,-2.121016179,0.07463255,-2.595178544
46885,F,1,blue,8,right,3,0,0.297682391,0.137555451,-1.983728161,0.086252564,-2.450475501
46888,F,4,red,3,right,3,0,0.549438205,0.178564384,-1.722806051,0.107069269,-2.234279279
46889,F,4,red,2,left,3,0,0.585196671,0.214895029,-1.537605606,0.120640543,-2.114939874
46890,M,4,red,7,right,3,0,0.431022929,0.078823248,-2.540547297,0.053278661,-2.932219381
46892,F,4,red,5,right,3,0,0.484298643,0.16487267,-1.802581802,0.093330964,-2.371603346
46893,F,4,blue,9,right,3,0,0.464485167,0.068374259,-2.682758855,0.047414763,-3.048821642
46894,F,3,blue,2,right,3,0,0.494492521,0.261821131,-1.340093716,0.142423921,-1.948947309
46895,F,4,blue,16,left,3,1,0.362670087,0.223293715,-1.499267268,0.133106159,-2.016608279
46896,M,3,blue,7,left,3,0,0.572040428,0.202140673,-1.598791425,0.116626679,-2.148777221
46897,M,4,blue,13,right,3,1,0.351026983,0.183394641,-1.696114938,0.110609775,-2.201746811
46898,F,4,red,1,right,3,0,0.465759688,0.104400146,-2.259524207,0.066975791,-2.703424051
46899,F,1,blue,7,right,3,0,0.232869596,0.101641747,-2.286300937,0.069376028,-2.668213892
46900,M,2,blue,15,right,3,0,0.363607998,0.171190431,-1.764978711,0.101908583,-2.28367911
46986,M,2,blue,5,right,3,1,0.277786541,0.15693098,-1.851949191,0.091423612,-2.392251498
47076,M,2,blue,14,left,3,0,0.259323239,0.150498428,-1.893802642,0.09208659,-2.38502595
47079,M,2,blue,13,right,3,0,0.439192187,0.058364492,-2.84104758,0.042504361,-3.158148604
47080,F,5,red,2,right,3,0,0.604819771,0.056993348,-2.864820719,0.040588394,-3.204273117
47081,F,1,blue,16,right,3,0,0.55194327,0.094156196,-2.362800219,0.06144505,-2.789611994
47082,F,2,blue,11,right,3,0,0.36071585,0.114154249,-2.170204686,0.070183861,-2.656636892
47083,M,1,red,1,left,3,1,0.545668825,0.100008314,-2.302501959,0.066793847,-2.706144316
47086,M,1,red,7,left,3,0,0.306381814,0.090375117,-2.403786303,0.061833494,-2.783310095
47087,M,3,red,3,left,3,0,0.385887276,0.024182597,-3.722122057,0.020138231,-3.905135236
47088,F,3,blue,10,right,3,0,0.484921835,0.163348171,-1.811871337,0.104503706,-2.258532747
47089,F,5,red,1,left,3,1,0.158298052,0.125527827,-2.075227814,0.088264403,-2.427418388
47091,F,1,blue,15,left,3,0,0.583171186,0.036514269,-3.310052177,0.0301424,-3.50182246
47092,F,2,blue,12,left,3,0,0.379527584,0.096403312,-2.339214724,0.061072265,-2.795697447
47095,M,1,blue,1,left,3,0,0.454841281,0.088055173,-2.429791691,0.062406736,-2.774082061
47097,F,4,red,4,left,3,0,0.39118873,0.083856939,-2.478643034,0.056713671,-2.869739992
47098,M,2,blue,16,left,3,0,0.385345706,0.20709883,-1.574559161,0.124514677,-2.083331685
47099,F,4,red,6,left,3,0,0.338317025,0.186133811,-1.681289449,0.10987119,-2.208446598
47226,M,2,blue,9,right,3,0,0.603475257,0.050119899,-2.993337167,0.03909827,-3.241677051
47227,M,2,blue,10,left,3,0,0.491606759,0.087549396,-2.435552115,0.064320273,-2.743880406
47228,F,3,blue,9,left,3,0,0.56151733,0.021632516,-3.833557748,0.019027845,-3.961851829
47229,F,2,red,4,left,3,0,0.412638349,0.164225167,-1.806516826,0.097430151,-2.328619562
47231,F,1,blue,6,right,3,0,0.608559536,0.275257976,-1.290046525,0.143169576,-1.943725507
47233,F,2,red,3,right,3,0,0.533998282,0.219459304,-1.516588467,0.126228497,-2.069661543
47234,F,2,red,1,right,3,0,0.316676471,0.230026991,-1.469558625,0.124255895,-2.085412171
47237,M,2,red,5,right,3,0,0.307120983,0.112811874,-2.182033683,0.072610986,-2.622639041
47238,F,1,blue,5,left,3,0,0.361583767,0.071168805,-2.642700689,0.046275085,-3.073151584
47241,F,2,red,2,left,3,0,0.703184429,0.066796362,-2.706106668,0.048281944,-3.030697615
47242,M,1,blue,10,right,3,0,0.554472317,0.117482668,-2.141464466,0.076234137,-2.573945919
47243,F,3,blue,4,right,3,0,0.33085629,0.306233638,-1.183406946,0.177412401,-1.72927831
47244,M,1,blue,9,left,3,0,0.437612316,0.207246859,-1.573844643,0.117319758,-2.142852102
47246,M,1,red,8,right,3,0,0.793654589,0.101320708,-2.289464465,0.065881984,-2.719890256
47247,M,2,red,6,left,3,0,0.454386881,0.040521234,-3.205929152,0.033274236,-3.402971878
47249,F,3,blue,3,left,3,0,0.321982372,0.179764007,-1.716110362,0.108923874,-2.217106044
47250,M,2,blue,6,left,3,0,0.365191925,0.258051389,-1.354596531,0.146176538,-1.92294022
47626,M,3,red,6,right,3,0,0.402129139,0.104247495,-2.260987451,0.065017676,-2.733096115
47632,F,3,red,7,left,3,0,0.445058105,0.037920028,-3.272275869,0.03182246,-3.447582953
47633,F,1,blue,12,right,3,0,0.409588758,0.052491123,-2.947111215,0.041375508,-3.185066165
47634,F,3,red,1,left,3,0,0.346747963,0.139344608,-1.97080522,0.082699927,-2.492536554
47635,F,1,red,6,right,3,0,0.460856778,0.310011398,-1.171146214,0.165199025,-1.800604319
47636,F,1,blue,4,right,3,1,0.261988007,0.27382327,-1.295272381,0.13887113,-1.9742089
47638,M,4,blue,7,right,3,0,0.214290764,0.0782341,-2.548049662,0.050838643,-2.979098533
47639,M,3,blue,6,right,3,0,0.339106556,0.21289075,-1.546976155,0.126298405,-2.069107876
47640,F,3,red,2,right,3,0,0.298573901,0.042819155,-3.150769728,0.034584249,-3.364356944
47645,M,2,blue,1,right,3,1,0.345705842,0.344007113,-1.067092944,0.185294914,-1.685806594
47646,M,2,blue,2,left,3,0,0.485644189,0.181295165,-1.707628832,0.105153953,-2.252329783
47649,M,3,blue,5,left,3,0,0.360867437,0.131242446,-2.03070893,0.082504135,-2.494906862
47752,F,1,blue,3,left,3,0,0.30028422,0.216708697,-1.52920124,0.121602606,-2.106996878
47753,F,3,blue,13,left,3,0,0.341165671,0.322560735,-1.131463834,0.179405176,-1.718108477
47754,M,3,red,5,left,3,1,0.348884015,0.366139093,-1.004741983,0.20974216,-1.561876311
47755,F,2,blue,4,left,3,0,0.540456271,0.088433939,-2.425499461,0.058357393,-2.841169229
47757,F,4,blue,4,left,3,0,0.392873729,0.207061594,-1.574738972,0.118765117,-2.130607545
47758,F,3,blue,14,right,3,0,0.434796715,0.19014666,-1.659959607,0.11267805,-2.183220643
47759,M,3,blue,15,left,3,0,0.382419649,0.12120061,-2.110308175,0.077132279,-2.562233425
47760,M,2,blue,7,right,3,0,0.332620207,0.134527711,-2.005985071,0.077139435,-2.562140654
47762,M,5,red,4,right,3,0,0.3348214,0.090002867,-2.407913755,0.06232041,-2.775466305
47767,F,1,blue,11,left,3,0,0.307761715,0.173253076,-1.753001888,0.102476606,-2.278120743
47768,M,1,blue,13,left,3,0,0.367285257,0.403578605,-0.907384003,0.233197142,-1.455871079
47769,F,4,blue,6,left,3,0,0.166225038,0.023015014,-3.771608513,0.020580246,-3.8834236
47770,M,2,blue,8,left,3,1,0.065140677,0.071049161,-2.644383238,0.059614307,-2.819859685
47771,M,4,blue,8,left,3,0,0.349838965,0.090362724,-2.403923443,0.061109463,-2.795088541
47775,F,4,blue,12,left,3,0,0.446975393,0.189778139,-1.661899578,0.110864614,-2.199445519
47776,F,3,blue,1,left,3,0,0.62404349,0.091079474,-2.396022812,0.057336115,-2.858824568
47777,M,2,red,7,right,3,0,0.619392194,0.176656964,-1.733545485,0.087476784,-2.436381843
47779,M,1,red,3,left,3,1,0.208046993,0.166763242,-1.791180184,0.117711604,-2.139517683
47780,M,1,blue,14,right,3,0,0.434857339,0.074216628,-2.600767062,0.052679201,-2.943534564
47781,F,4,blue,5,right,3,0,0.422893186,0.202630685,-1.596370241,0.118101483,-2.136211002
47782,F,4,blue,3,right,3,0,0.40649731,0.259518053,-1.348929011,0.147191682,-1.91601958
47783,F,4,blue,11,right,3,0,0.336089661,0.22535625,-1.490072795,0.127378805,-2.060589919
47784,M,2,red,8,left,3,0,0.452715546,0.260751206,-1.344188561,0.148923626,-1.904321682
47785,M,4,blue,14,left,3,0,0.379694202,0.163856179,-1.808766194,0.095611048,-2.347466904
47786,M,4,blue,1,right,3,0,0.353975405,0.082524297,-2.494662524,0.058152611,-2.844684492
47788,F,4,blue,10,left,3,0,0.461889835,0.165202631,-1.800582492,0.091154326,-2.395201323
47790,M,1,red,4,right,3,0,0.383116849,0.097663117,-2.326231305,0.063725871,-2.753164662
47791,M,5,red,3,left,3,0,0.51404995,0.149093456,-1.903181948,0.085892926,-2.454653807
47795,F,2,blue,3,right,3,0,0.383757609,0.342073319,-1.072730181,0.189838607,-1.661581005
47797,F,1,red,5,left,3,1,0.414188661,0.197764991,-1.620675865,0.126311746,-2.069002252
47798,M,4,red,8,left,3,0,0.646200489,0.144991559,-1.931079751,0.092901257,-2.376218099
47799,M,3,blue,16,right,3,0,0.495075614,0.068197009,-2.685354571,0.049340471,-3.009010621
47800,F,3,red,8,right,3,0,0.593674903,0.026021434,-3.648834713,0.020629428,-3.881036674
47351,M,4,blue,15,right,4,0,0.435316024,0.061486042,-2.788945085,0.043450809,-3.136125806
47352,M,4,blue,9,right,4,0,0.446781012,0.146827266,-1.918498448,0.09109309,-2.395873326
47354,M,2,red,6,left,4,0,0.717785223,0.054307037,-2.913101468,0.037971688,-3.270914448
47355,F,2,blue,8,left,4,0,0.589629755,0.133387775,-2.014494792,0.087188188,-2.439686421
47356,F,4,red,8,left,4,0,0.613448956,0.063948779,-2.749672848,0.049440841,-3.00697845
47357,M,3,blue,10,right,4,0,0.484058643,0.154306165,-1.868816564,0.084538449,-2.470548826
47359,F,2,blue,2,left,4,0,0.537499222,0.148915363,-1.904377167,0.090992761,-2.39697532
47363,F,2,blue,4,left,4,0,0.509756838,0.060233889,-2.809520147,0.042174491,-3.165939709
47367,F,2,blue,11,right,4,0,0.766328933,0.039581845,-3.229384715,0.030323012,-3.495848375
47370,M,3,red,7,left,4,0,0.448737611,0.201096133,-1.603972211,0.112470023,-2.185068552
47372,F,4,blue,5,right,4,0,0.596813583,0.160293248,-1.830750341,0.087425066,-2.436973245
47373,F,4,blue,6,left,4,0,0.46209708,0.162367062,-1.817895693,0.101464122,-2.288050017
47374,F,4,blue,2,left,4,0,0.576155738,0.240662314,-1.424360513,0.123772046,-2.089313747
47526,F,2,blue,3,right,4,1,0.446401681,0.160353455,-1.830374808,0.083021586,-2.488654633
47527,M,1,blue,14,right,4,0,0.422889807,0.176085979,-1.736782887,0.104314642,-2.26034354
47531,F,4,blue,11,right,4,0,0.710035281,0.084177198,-2.4748312,0.052020499,-2.956117428
47532,F,4,red,7,right,4,0,0.504964993,0.143432603,-1.941890022,0.077610186,-2.556056602
47533,M,1,blue,2,right,4,1,0.436126688,0.232645795,-1.458238176,0.127747972,-2.057695923
47534,F,4,blue,14,left,4,0,0.69960547,0.085436689,-2.459979653,0.053555513,-2.927036533
47535,M,3,red,8,right,4,0,0.457414477,0.237962667,-1.43564148,0.128675538,-2.050461255
47537,F,4,blue,13,right,4,0,0.452559362,0.183505305,-1.695511704,0.110908215,-2.199052312
47538,F,2,blue,7,right,4,0,0.31576522,0.115759213,-2.156242997,0.06559823,-2.724206564
47539,F,1,blue,4,right,4,1,0.603051803,0.028627021,-3.553404225,0.024689725,-3.701368107
47540,M,1,red,1,left,4,0,0.808778761,0.082575415,-2.494043282,0.060712074,-2.801612682
47542,M,3,blue,9,left,4,0,0.514012013,0.02884113,-3.545952787,0.023154073,-3.765584587
47543,M,3,blue,14,right,4,0,0.46676805,0.27985008,-1.273501247,0.147376043,-1.914767846
47544,M,3,blue,13,left,4,0,0.447780765,0.141524164,-1.955284806,0.08485702,-2.46678756
47545,M,1,blue,1,left,4,0,0.739290739,0.061524489,-2.788319991,0.044291522,-3.116962006
47546,F,4,red,2,left,4,0,0.423072371,0.173984794,-1.748787374,0.09891445,-2.313499947
47549,M,1,blue,13,left,4,0,0.710637874,0.191882151,-1.650873895,0.102220852,-2.280619588
47677,F,2,blue,13,right,4,0,0.657089867,0.118694703,-2.131200606,0.072480187,-2.624442032
47679,M,2,blue,15,right,4,0,0.36531936,0.170002903,-1.771939763,0.095638713,-2.347177597
47684,F,5,red,2,right,4,0,0.5660612,0.081555748,-2.506468472,0.052281625,-2.951110303
47685,F,2,blue,14,left,4,0,0.630661845,0.096929571,-2.333770634,0.059162688,-2.827464198
47686,M,4,blue,10,left,4,0,0.421182998,0.131530735,-2.028514731,0.082023325,-2.500751618
47688,M,4,blue,16,left,4,0,0.495825225,0.232224996,-1.460048566,0.125427559,-2.076026903
47689,M,2,blue,9,right,4,0,0.551556817,0.153572852,-1.873580216,0.089571929,-2.412713295
47690,M,2,blue,16,left,4,0,0.636118071,0.049011437,-3.015701604,0.036114583,-3.321058538
47691,F,5,red,1,left,4,0,0.499459633,0.169773572,-1.773289659,0.088456722,-2.425241864
47694,M,2,red,5,right,4,0,0.601974445,0.091119883,-2.395579247,0.062132794,-2.778481347
47695,M,2,blue,10,left,4,0,0.635573806,0.132950429,-2.017778936,0.082800294,-2.491323669
47696,F,2,blue,12,left,4,0,0.614269341,0.090075978,-2.407101763,0.059172916,-2.827291341
47698,F,4,blue,1,right,4,0,0.501697492,0.169941694,-1.772299875,0.097081757,-2.332201801
47701,M,3,red,2,right,4,1,0.294401439,0.188178253,-1.670365611,0.129372317,-2.045060857
47702,F,1,blue,12,right,4,0,0.518551184,0.178845355,-1.721233784,0.103113826,-2.271921798
47703,M,1,blue,8,right,4,0,0.512268741,0.065815716,-2.720896631,0.045829094,-3.082836144
47704,F,4,red,1,right,4,0,0.586462961,0.028729659,-3.549825262,0.022364954,-3.800260105
47705,M,2,blue,6,left,4,0,0.640415443,0.187850334,-1.672109731,0.115079715,-2.162130219
47706,M,2,blue,5,right,4,0,0.432410125,0.104412944,-2.25940163,0.073044304,-2.616689115
47708,F,1,blue,9,left,4,0,0.574678288,0.090977547,-2.397142544,0.056474069,-2.873973698
47709,M,1,blue,7,left,4,0,0.813661443,0.064917696,-2.73463502,0.0456626,-3.086475697
47711,M,3,red,1,left,4,0,0.547174703,0.062269358,-2.776285813,0.045722308,-3.085168957
47712,M,1,blue,5,left,4,1,0.513102472,0.071934429,-2.632000278,0.05097605,-2.976399361
47713,M,4,blue,8,left,4,0,0.624549113,0.055712607,-2.887548828,0.04287943,-3.14936306
47714,F,1,blue,15,left,4,0,0.72571328,0.067410463,-2.69695504,0.044122291,-3.12079015
47715,F,1,blue,16,right,4,0,0.532551308,0.117477982,-2.14150435,0.065476194,-2.726068658
47716,M,3,red,5,left,4,1,0.4536414,0.094514235,-2.359004821,0.064776914,-2.73680601
47717,M,3,blue,11,left,4,0,0.671304404,0.0180985,-4.011926213,0.017308123,-4.056579375
47718,F,1,blue,10,right,4,0,0.357531817,0.143609642,-1.940656481,0.087317993,-2.438198735
47719,F,1,red,4,right,4,0,0.461600565,0.10853557,-2.220677323,0.064934907,-2.734369947
47720,F,1,red,3,left,4,0,0.603685439,0.041516934,-3.181653877,0.032086086,-3.4393328
47725,F,1,blue,11,left,4,0,0.535867547,0.122779061,-2.097368794,0.07675021,-2.567199153
47826,F,3,blue,7,left,4,0,0.596276239,0.118134683,-2.135929922,0.076668318,-2.568266723
47827,F,3,blue,1,left,4,0,0.587684163,0.210317063,-1.559139061,0.111956552,-2.189644412
47829,M,2,red,4,left,4,0,0.613368681,0.05546511,-2.892001106,0.042047072,-3.168965519
47830,F,2,red,2,left,4,0,0.49542019,0.111235555,-2.196105208,0.070084095,-2.658059402
47831,F,4,blue,12,left,4,0,0.561251099,0.280530689,-1.271072153,0.147842462,-1.911608019
47832,M,2,red,3,right,4,1,0.373089931,0.140101813,-1.965385887,0.094679488,-2.357257902
47833,M,5,red,3,left,4,0,0.465855625,0.063628476,-2.754694178,0.046595881,-3.066243126
47834,M,4,red,4,left,4,0,0.452077775,0.176272631,-1.735723444,0.094357326,-2.36066636
47835,F,2,blue,1,right,4,0,0.553580378,0.245400774,-1.404862593,0.132147196,-2.023838856
47836,M,1,red,5,left,4,0,0.453791998,0.056467813,-2.874084485,0.041388665,-3.184748216
47837,M,1,red,6,right,4,1,0.436732444,0.105536344,-2.248699894,0.074354368,-2.598912862
47838,F,3,blue,15,left,4,0,0.420643346,0.53034178,-0.634233612,0.299689951,-1.205006837
47839,F,3,blue,2,right,4,0,0.437165886,0.137180131,-1.986460394,0.087557436,-2.435460294
47840,M,5,red,4,right,4,0,0.549610994,0.105482671,-2.249208593,0.066164284,-2.715614471
47841,F,3,blue,16,right,4,0,0.478039665,0.038496687,-3.257183086,0.029798886,-3.513284258
47842,F,2,red,1,right,4,0,0.521838886,0.181433817,-1.706864336,0.103092446,-2.272129163
47843,M,4,red,3,right,4,1,0.38851959,0.202662836,-1.596211588,0.120242525,-2.118244535
47844,F,2,red,8,left,4,0,0.482877579,0.117460485,-2.141653301,0.072019562,-2.630817505
47846,F,2,red,7,right,4,0,0.713262051,0.093459086,-2.370231518,0.063550742,-2.755916606
47847,M,4,red,5,right,4,0,0.429003724,0.139902965,-1.966806202,0.085280972,-2.461803922
47849,M,4,red,6,left,4,1,0.54618024,0.100627633,-2.29632838,0.064206433,-2.745651878
47850,F,3,blue,8,right,4,0,0.460479543,0.113117167,-2.179331126,0.070306363,-2.654892969
47951,F,3,blue,3,left,4,0,0.291910396,0.020115241,-3.906277507,0.017817698,-4.02756307
47954,F,3,red,4,right,4,0,0.725306466,0.033648048,-3.391800247,0.026555156,-3.628531368
47957,F,3,blue,4,right,4,0,0.760543631,0.123011884,-2.095474311,0.071305901,-2.640776197
47958,M,4,blue,7,right,4,0,0.518530852,0.021774052,-3.827036299,0.018536615,-3.988007296
47959,M,3,blue,12,right,4,0,0.462390698,0.145513734,-1.927484804,0.080107633,-2.524384133
47960,F,4,blue,3,right,4,0,0.676486998,0.050142379,-2.992888742,0.035796508,-3.329904923
47962,F,4,blue,4,left,4,1,0.500703935,0.104754935,-2.256131613,0.073457729,-2.611045153
47963,M,1,red,8,right,4,1,0.431433276,0.071768336,-2.634311907,0.059440933,-2.822772175
47964,F,3,red,3,left,4,0,0.57658997,0.007513392,-4.891068272,0.008232065,-4.799718372
47968,M,3,blue,5,left,4,0,0.606703512,0.155155205,-1.86332934,0.087507933,-2.436025822
47973,M,1,red,7,left,4,0,0.616921166,0.087389083,-2.437384916,0.058727692,-2.834843903
47975,M,3,blue,6,right,4,0,0.461549553,0.149224554,-1.902303035,0.088587322,-2.423766525
24651,F,1,Red,2,R,R,0,0.633816512,0.171563801,-1.762800064,0.101262707,-2.290037081
24652,M,2,Red,3,R,R,0,0.495202497,0.121356943,-2.109019133,0.07353757,-2.609958846
24654,M,1,Blue,4,R,R,0,0.392554321,0.196977401,-1.624666271,0.10743315,-2.230886487
24655,F,3,Blue,1,L,R,0,0.54563614,0.077036702,-2.563473324,0.054336261,-2.912563485
24657,F,6,Red,1,R,R,0,0.519775319,0.060541243,-2.804430452,0.045863967,-3.082075499
24658,F,5,Red,1,L,R,0,0.348355998,0.159862126,-1.83344355,0.094707614,-2.356960886
24659,M,1,Blue,3,L,R,1,0.500053296,0.061798559,-2.783875229,0.049128652,-3.013312872
24660,F,4,Red,1,R,R,0,0.346595507,0.133171374,-2.016118451,0.074602487,-2.595581428
24663,F,10,Blue,4,L,R,0,0.555079017,0.103313648,-2.269985796,0.06162145,-2.786745248
24665,F,2,Blue,2,L,R,0,0.305721727,0.110059669,-2.206732615,0.069723141,-2.663223007
24666,M,4,Red,2,L,R,0,0.52372554,0.083211046,-2.486375173,0.058092319,-2.845721834
24668,F,1,Blue,2,R,R,1,0.378458994,0.249988112,-1.386341915,0.144343782,-1.935557452
24670,F,10,Blue,1,R,R,0,0.403435533,0.201582155,-1.601558263,0.099150208,-2.311119326
24672,M,2,Blue,3,R,R,0,0.579766354,0.022367928,-3.80012712,0.020418362,-3.891320678
24673,M,16,Blue,3,R,R,0,0.648532425,0.178244423,-1.724599508,0.092823763,-2.377052602
24675,F,3,Red,1,L,R,0,0.670976102,0.047035805,-3.056846154,0.038861777,-3.247744117
24676,F,5,Blue,1,L,R,0,0.546452867,0.181061841,-1.708916644,0.101304757,-2.28962191
24677,F,5,Red,3,L,R,0,0.411989581,0.079315588,-2.534320597,0.050378505,-2.988190682
24678,F,14,Blue,3,R,R,0,0.543834523,0.094760478,-2.356402854,0.058430263,-2.83992132
24679,F,9,Blue,4,R,R,0,0.560943145,0.054055136,-2.917750722,0.040957039,-3.195231584
24680,F,15,Blue,4,R,R,0,0.49799365,0.187561637,-1.673647758,0.114449629,-2.167620475
24683,M,13,Blue,2,R,R,0,0.302399358,0.168961971,-1.778081616,0.093522702,-2.369551066
24684,F,7,Blue,3,L,R,1,0.654942465,0.083384311,-2.484295109,0.057357168,-2.858457452
24686,M,12,Blue,3,R,R,0,0.500121115,0.217873874,-1.523838945,0.126284049,-2.069221549
24687,F,9,Blue,1,L,R,0,0.486480698,0.127071984,-2.06300155,0.07831522,-2.54701331
24689,M,5,Blue,4,R,R,0,0.440679419,0.220641861,-1.511214432,0.120057953,-2.11978071
24691,F,8,Red,2,L,R,1,0.387516114,0.055441206,-2.892432167,0.041244912,-3.188227519
24692,M,8,Red,3,R,R,0,0.568840061,0.108283425,-2.223003186,0.064916461,-2.734654044
24695,M,1,Red,4,R,R,0,0.478124818,0.077178816,-2.561630261,0.051503177,-2.96611179
24696,M,7,Red,3,L,R,0,0.551150925,0.056405607,-2.87518671,0.04021825,-3.213434399
24697,F,13,Blue,3,L,R,0,0.448871733,0.137018573,-1.987638796,0.087052259,-2.441246667
24698,F,7,Red,4,R,R,0,0.35756286,0.235290685,-1.446933571,0.135690126,-1.997381477
24699,M,15,Blue,3,L,R,1,0.425764696,0.111616852,-2.192683236,0.066985727,-2.703275715
24700,F,6,Red,3,R,R,0,0.500081998,0.005238714,-5.251679308,0.005953228,-5.123821688
24704,M,6,Blue,3,R,R,0,0.472972756,0.200577978,-1.606552188,0.10695452,-2.235351579
24705,M,6,Red,4,L,R,0,0.345825278,0.373223015,-0.985579143,0.221277199,-1.50833907
24706,M,11,Blue,3,L,R,0,0.704911427,0.136311806,-1.992810326,0.081012564,-2.51315103
24709,F,16,Blue,4,L,R,0,0.62193848,0.048047863,-3.035557614,0.036901282,-3.299508994
24710,M,1,Red,3,L,R,0,0.452165827,0.109500091,-2.211829895,0.065984073,-2.71834189
24713,F,7,Red,2,R,R,0,0.442630614,0.080264933,-2.522422453,0.053633337,-2.92558444
24716,F,8,Blue,3,R,R,0,0.592758718,0.054552206,-2.908597137,0.038947945,-3.24552926
24717,F,10,Blue,3,R,R,0,0.542534496,0.102413965,-2.278732197,0.064178817,-2.746082082
24718,F,3,Red,3,L,R,0,0.513593813,0.076488345,-2.570616908,0.051907265,-2.958296519
24719,M,5,Blue,3,L,R,0,0.464891727,0.07266097,-2.621950899,0.048447371,-3.027277198
24720,M,14,Blue,2,L,R,1,0.536541189,0.225231192,-1.490627886,0.123735039,-2.089612778
24725,F,9,Blue,3,L,R,0,0.628930123,0.109588218,-2.211025413,0.06667028,-2.707995997
24726,M,6,Red,2,L,R,0,0.546775386,0.085433919,-2.460012083,0.057361474,-2.858382379
24727,M,5,Red,2,R,R,0,0.452415881,0.127518946,-2.059490331,0.086280325,-2.450153685
24728,M,7,Blue,1,L,R,0,0.45203075,0.137400577,-1.984854702,0.087242598,-2.439062554
24729,M,12,Blue,1,R,R,0,0.512800483,0.077050969,-2.563288145,0.053884064,-2.920920496
24732,M,3,Red,2,R,R,1,0.479646624,0.153963237,-1.871041428,0.084384174,-2.472375405
24736,F,15,Blue,2,R,R,0,0.496592949,0.05881768,-2.833312789,0.043636027,-3.131872157
24737,F,14,Blue,1,R,R,1,0.530775197,0.070755317,-2.648527593,0.048521739,-3.025743346
24738,F,13,Blue,1,L,R,0,0.525243046,0.114742006,-2.165069093,0.072076707,-2.630024349
24739,M,2,Red,4,L,R,0,0.824539903,0.020669562,-3.879093088,0.018082875,-4.012789917
24741,F,4,Blue,1,R,R,0,0.558168634,0.142084651,-1.951332264,0.081480279,-2.50739427
24742,M,8,Blue,1,R,R,0,0.427643655,0.191225764,-1.654300538,0.114450641,-2.167611635
24745,M,16,Blue,1,R,R,0,0.418846244,0.305041056,-1.187308902,0.165072508,-1.801370457
24746,F,6,Blue,1,R,R,0,0.504223895,0.060127164,-2.811293552,0.044856125,-3.104295127
24747,M,11,Blue,1,L,R,0,0.685643441,0.184706979,-1.688984609,0.1074888,-2.230368624
24749,F,2,Red,2,L,R,0,0.696511439,0.0419228,-3.171925453,0.032989407,-3.411568765
24776,M,3,Blue,7,L,R,0,0.45175552,0.018305682,-4.000543758,0.0184766,-3.991250197
24779,F,5,Blue,7,L,R,0,0.587084502,0.098195436,-2.320795541,0.057398555,-2.857736152
24780,M,4,Blue,7,R,R,0,0.63521161,0.136966663,-1.988017718,0.080816664,-2.515572097
24783,M,5,Blue,8,R,R,0,0.577448928,0.045755985,-3.084432675,0.032995302,-3.411390078
24785,F,6,Blue,7,R,R,1,0.549038751,0.054576153,-2.908158247,0.040664088,-3.202409937
24788,M,6,Blue,8,L,R,0,0.581460443,0.047588089,-3.045172774,0.03726747,-3.28963444
24789,F,1,Blue,7,L,R,0,0.519339175,0.086783091,-2.444343475,0.057411944,-2.857502921
24791,M,5,Red,7,L,R,0,0.422778851,0.150309269,-1.895060315,0.088599058,-2.423634053
24794,F,2,Blue,7,R,R,0,0.532347555,0.11832926,-2.134284205,0.080417488,-2.520523614
24796,F,13,Blue,7,L,R,1,0.432413388,0.335241877,-1.092902987,0.192883709,-1.645667816
24798,M,9,Blue,8,R,R,0,0.51651431,0.136105435,-1.994325435,0.080136541,-2.524023334
24803,F,15,Blue,6,R,R,0,0.433851854,0.172324638,-1.758375151,0.094072405,-2.363690525
24804,M,5,Red,5,L,R,0,0.58233642,0.173715228,-1.750337944,0.098957285,-2.313066991
24805,F,6,Blue,6,L,R,0,0.698970945,0.033742543,-3.388995845,0.026395368,-3.634566742
24807,F,12,Blue,6,L,R,0,0.62603958,0.032339844,-3.431455259,0.025412191,-3.672526272
24808,F,8,Green,7,L,R,0,0.585504467,0.024739964,-3.699335377,0.022991455,-3.772632656
24809,F,4,Red,7,R,R,0,0.433504949,0.211760837,-1.552297769,0.119832047,-2.121664121
24810,M,13,Blue,6,R,R,0,0.355951782,0.039315504,-3.236136324,0.031865013,-3.44624663
24813,M,6,Red,7,R,R,0,0.312435107,0.120962827,-2.112271996,0.079993834,-2.525805728
24815,M,2,Red,5,R,R,0,0.567288564,0.063792743,-2.752115844,0.043688675,-3.130666359
24818,M,1,Red,5,L,R,0,0.392110631,0.04977643,-3.000213693,0.039203167,-3.238997757
24851,F,3,Blue,3,L,R,0,0.786529083,0.024287971,-3.717774064,0.020183986,-3.902865777
24856,M,1,Red,1,L,R,0,0.544598194,0.160558064,-1.82909963,0.090290321,-2.404725008
24858,F,7,Blue,4,R,R,0,0.448196839,0.090674574,-2.400478295,0.058169609,-2.844392237
24859,M,2,Red,1,R,R,0,0.392967793,0.310952864,-1.168113942,0.167826615,-1.784823886
24860,F,8,Blue,4,L,R,0,0.575658993,0.15993117,-1.833011743,0.093210143,-2.37289873
24861,F,16,Blue,2,L,R,1,0.371604967,0.161982324,-1.820268058,0.086952688,-2.442391128
24863,M,11,Blue,4,R,R,0,0.568994681,0.128540575,-2.051510669,0.073407945,-2.611723103
24865,M,8,Blue,2,L,R,1,0.526915714,0.16576436,-1.797188014,0.098111363,-2.321652093
24866,M,12,Blue,4,L,R,0,0.436180007,0.076597535,-2.569190385,0.051131947,-2.973345787
24867,F,13,Blue,4,R,R,0,0.599859272,0.202695212,-1.596051848,0.097150611,-2.331492811
24868,F,9,Blue,2,R,R,0,0.579278638,0.165652819,-1.797861135,0.100548173,-2.297118334
24869,F,10,Blue,2,L,R,0,0.568406917,0.075364069,-2.585424657,0.053060044,-2.936331098
24875,F,14,Blue,4,L,R,0,0.507731069,0.095293843,-2.350790075,0.060378928,-2.807115108
24876,F,3,Red,4,R,R,1,0.551973122,0.161915151,-1.820682839,0.087862356,-2.431983828
24877,M,2,Blue,1,R,R,0,0.396599861,0.300274827,-1.203057134,0.172467174,-1.757548356
24881,M,7,Blue,2,R,R,0,0.428669408,0.232818654,-1.457495436,0.132577763,-2.020585913
24882,M,1,Blue,5,L,R,0,0.5556246,0.140070285,-1.965610943,0.082811318,-2.491190536
24883,M,4,Blue,2,L,R,0,0.553389246,0.049091208,-3.014075327,0.040367089,-3.209740458
24884,F,4,Red,3,R,R,0,0.519985861,0.160054493,-1.83224094,0.091741543,-2.388779971
24887,F,4,Blue,4,L,R,0,0.444978572,0.127991014,-2.055795217,0.07859112,-2.543496569
24888,F,8,Red,4,L,R,0,0.685626305,0.120003564,-2.12023384,0.073433376,-2.611376737
24889,M,1,Blue,1,L,R,0,0.478614017,0.287179249,-1.247648698,0.158601493,-1.841360558
24890,M,3,Blue,2,R,R,1,0.541358243,0.070066414,-2.658311712,0.052057143,-2.955413253
24894,M,7,Red,1,L,R,0,0.404302053,0.207661599,-1.571845451,0.122317864,-2.101132179
24896,M,8,Red,1,R,R,0,0.427564072,0.086174778,-2.451377745,0.05409276,-2.917054921
24897,F,12,Blue,2,L,R,1,0.586340966,0.072518197,-2.623917759,0.049655479,-3.002646534
24898,F,11,Blue,2,R,R,0,0.434771133,0.125494222,-2.075495565,0.073951658,-2.604343669
24899,M,6,Blue,2,L,R,0,0.696838472,0.088319398,-2.426795509,0.061141428,-2.794565612
24900,F,4,Blue,3,R,R,0,0.444299031,0.012474007,-4.3841082,0.012646164,-4.370401353
24951,F,8,Green,5,R,R,0,0.617253472,0.098453491,-2.318171013,0.063680778,-2.753872528
24953,F,1,Green,2,R,R,0,0.682791719,0.031971302,-3.442916599,0.026631292,-3.625668378
24955,F,2,Green,2,L,R,0,0.503542081,0.071262101,-2.641390639,0.049256671,-3.010710463
24956,M,2,Green,4,L,R,0,0.411499656,0.151597598,-1.886525653,0.090216944,-2.405538023
24957,M,3,Green,5,L,R,0,0.384845802,0.267948069,-1.316962089,0.151059537,-1.890081232
24959,M,1,Green,4,R,R,1,0.49307991,0.110918526,-2.198959345,0.064138413,-2.74671183
24960,M,5,Red,4,R,R,0,0.481600554,0.045044837,-3.100096914,0.034913035,-3.354895022
24961,F,5,Green,1,L,R,0,0.414366142,0.111311531,-2.195422425,0.071251485,-2.641539623
24964,M,3,Green,2,R,R,0,0.547960239,0.148658904,-1.90610083,0.094224292,-2.362077249
24965,F,8,Green,1,R,R,0,0.547086074,0.037798232,-3.275492956,0.029999369,-3.506578924
24967,M,4,Green,2,L,R,0,0.530024905,0.125208543,-2.077774587,0.079564905,-2.531182177
24968,M,5,Green,4,R,R,0,0.393415602,0.102578752,-2.277124461,0.07246143,-2.624700852
24969,F,7,Green,1,L,R,0,0.565870397,0.053982032,-2.919104022,0.037803427,-3.275355509
24970,M,3,Green,1,L,R,0,0.572825526,0.057295481,-2.859533529,0.04237503,-3.161196012
24971,M,2,Blue,5,R,R,0,0.961020192,0.086380565,-2.448992567,0.05286795,-2.939957987
24972,F,7,Green,5,L,R,0,0.561854384,0.082340026,-2.496897943,0.056017693,-2.882087684
24973,M,5,Green,5,L,R,0,0.51628159,0.05435831,-2.912157782,0.037612464,-3.280419789
24974,F,2,Green,6,L,R,0,0.567618794,0.066224952,-2.714697968,0.049355855,-3.008698877
24976,F,3,Blue,4,R,R,0,0.491986338,0.215198763,-1.5361932,0.122942028,-2.096042348
24978,M,5,Green,2,R,R,0,0.531477838,0.062733547,-2.768858934,0.045915963,-3.080942436
24980,F,4,Blue,8,L,R,1,0.66050846,0.047477725,-3.047494621,0.038259067,-3.263374688
24982,M,6,Green,2,L,R,0,0.530072441,0.134890366,-2.003292934,0.075903492,-2.578292591
24983,F,4,Red,4,L,R,0,0.62257729,0.030589299,-3.48710505,0.027474828,-3.594485027
24984,M,11,Blue,5,L,R,0,0.549443721,0.226708041,-1.484092251,0.129461966,-2.044368141
24986,F,7,Green,2,R,R,0,0.576436702,0.037170135,-3.292249672,0.030440097,-3.491994558
24988,M,6,Green,4,L,R,0,0.513946023,0.073001354,-2.617277287,0.05186632,-2.959085644
24991,M,12,Blue,5,R,R,0,0.611997737,0.060573708,-2.80389434,0.043142294,-3.143251462
24994,F,6,Green,1,R,R,0,0.476528305,0.072901545,-2.618645443,0.057082993,-2.863249048
24995,M,6,Green,5,R,R,0,0.529967335,0.066664835,-2.708077684,0.051139634,-2.973195474
24996,M,4,Green,5,R,R,0,0.494537885,0.108387544,-2.222042106,0.066774187,-2.706438698
24997,F,1,Green,7,R,R,0,0.471580326,0.201492774,-1.602001761,0.117167614,-2.144149772
24998,F,1,Green,6,R,R,0,0.550203932,0.113151642,-2.179026391,0.070894072,-2.646568464
24999,F,2,Green,3,R,R,1,0.504169686,0.087026339,-2.441544458,0.060694538,-2.801901574
25027,F,1,Red,8,R,R,0,0.711855056,0.092945385,-2.375743213,0.062209707,-2.777244232
25028,F,1,Green,8,L,R,0,0.431049167,0.132024102,-2.024770782,0.076888295,-2.565401623
25031,M,15,Blue,1,L,R,0,0.445324356,0.052661544,-2.943869796,0.03978946,-3.224153222
25032,F,1,Green,5,L,R,0,0.508557484,0.11786759,-2.138193399,0.068338035,-2.683288791
25035,F,4,Green,8,R,R,0,0.562484856,0.058940018,-2.831235,0.040620185,-3.20349016
25038,M,4,Red,8,L,R,0,0.646464838,0.033424419,-3.39846853,0.027327407,-3.599865167
25039,F,6,Red,8,L,R,1,0.632392644,0.02945582,-3.524863756,0.026739095,-3.621628566
25040,M,4,Green,1,R,R,0,0.522433372,0.204431469,-1.587522473,0.123414174,-2.092209313
25042,M,2,Blue,4,L,R,0,0.972043072,0.065970522,-2.718547275,0.045108057,-3.098694399
25045,M,13,Blue,8,R,R,0,0.375541199,0.080965994,-2.51372604,0.054818536,-2.903726885
25052,M,3,Red,8,R,R,0,0.580049757,0.112033065,-2.188961228,0.068977825,-2.673970207
25053,M,15,Blue,8,R,R,0,0.390536643,0.082989733,-2.489038373,0.052310585,-2.950556538
25054,F,11,Blue,8,R,R,0,0.469774161,0.062128726,-2.778546814,0.043944643,-3.124824553
25055,F,12,Blue,8,L,R,0,0.559242927,0.072546088,-2.623533223,0.051083332,-2.97429702
25059,M,5,Green,8,L,R,0,0.327415409,0.046142926,-3.076011613,0.033267112,-3.40318599
25060,F,3,Green,8,L,R,0,0.476398698,0.072979308,-2.617579332,0.050178665,-2.992165338
25061,F,14,Blue,7,R,R,0,0.557448066,0.083025297,-2.488609936,0.056779773,-2.868575122
25062,M,10,Blue,8,L,R,0,0.472465168,0.121785776,-2.105491709,0.074560338,-2.596146575
25063,F,7,Blue,8,R,R,0,0.687157174,0.033225945,-3.404424218,0.027341516,-3.599348986
25064,M,15,Blue,7,L,R,0,0.591406129,0.072580766,-2.623055328,0.04865811,-3.022936777
25066,F,8,Blue,8,L,R,0,0.661858874,0.107159861,-2.233433528,0.064242585,-2.74508897
25070,M,16,Blue,8,L,R,0,0.536500063,0.139864742,-1.967079455,0.084556959,-2.470329902
25075,M,16,Blue,7,R,R,0,0.534255514,0.195883362,-1.630235887,0.117561465,-2.140793978
25101,M,3,Green,4,R,R,0,0.718218565,0.107523993,-2.230041264,0.064233825,-2.745225342
25102,F,8,Red,7,R,R,1,0.530274563,0.154713103,-1.866182828,0.087109209,-2.440592675
25103,M,9,Blue,6,R,R,0,0.576603119,0.122719785,-2.097851694,0.072777177,-2.620352878
25104,M,5,Green,7,R,R,0,0.820493144,0.038313493,-3.261953144,0.029146728,-3.535412628
25105,M,5,Blue,5,L,R,0,0.483106443,0.086594404,-2.446520087,0.057294922,-2.85954328
25107,F,7,Red,7,L,R,0,0.445372336,0.133034447,-2.017147184,0.074201461,-2.600971433
25109,M,7,Red,6,R,R,0,0.48918286,0.084120907,-2.475500143,0.05672794,-2.869488422
25110,F,7,Blue,5,L,R,0,0.72100013,0.047417715,-3.048759388,0.034475284,-3.367512621
25112,M,7,Green,6,R,R,0,0.373420457,0.120256046,-2.118132097,0.078829514,-2.540467808
25116,M,8,Green,6,L,R,0,0.750081525,0.087619169,-2.434755481,0.05730723,-2.859328484
25117,F,5,Red,6,R,R,0,0.571549819,0.095338547,-2.350321072,0.060211921,-2.80988493
25118,F,8,Blue,5,R,R,1,0.501770452,0.208097851,-1.569746871,0.107132311,-2.233690657
25120,M,6,Green,7,L,R,0,0.423415683,0.075978522,-2.57730459,0.052999954,-2.937464233
25122,F,3,Blue,8,R,R,0,0.745664069,0.078617243,-2.543164226,0.055842965,-2.88521173
25126,F,3,Red,5,L,R,0,0.455246151,0.226462297,-1.485176806,0.13172727,-2.027021631
25127,F,4,Red,5,R,R,0,0.449707441,0.245789703,-1.403278975,0.135077284,-2.001908192
25129,M,3,Blue,6,R,R,0,0.698792912,0.048180475,-3.032801429,0.040142766,-3.215313022
25131,F,2,Blue,6,L,R,0,0.561155038,0.229951963,-1.469884848,0.131143484,-2.031463257
25132,M,4,Green,7,L,R,0,0.485146811,0.143353936,-1.942438628,0.085973059,-2.453721299
25134,F,3,Red,7,L,R,1,0.609475849,0.12988838,-2.041079813,0.076704451,-2.567795544
25135,M,6,Red,5,R,R,0,0.421020503,0.232714065,-1.457944769,0.130647904,-2.035249332
25143,F,11,Blue,6,R,R,0,0.761138282,0.038260408,-3.263339646,0.029714016,-3.516136439
25144,M,4,Blue,6,L,R,0,0.387879628,0.210006941,-1.560614699,0.116720694,-2.147971427
25145,F,16,Blue,6,L,R,0,0.619585415,0.03758023,-3.281277161,0.027757011,-3.58426682
25146,M,8,Red,6,L,R,1,0.472420845,0.147618647,-1.913123037,0.085019897,-2.464869962
25201,M,4,Green,4,L,R,0,0.44195595,0.086591963,-2.446548275,0.053966539,-2.919391074
25202,F,8,Red,8,L,R,1,0.533153539,0.165908874,-1.796316594,0.09060066,-2.40129378
25204,F,5,Red,8,R,R,0,0.443482733,0.173101091,-1.753879517,0.092763875,-2.377697988
25205,M,1,Blue,8,R,R,0,0.903425755,0.097987696,-2.322913355,0.061459831,-2.789371469
25206,M,7,Blue,7,L,R,0,0.634468799,0.077514885,-2.557285303,0.052862736,-2.940056611
25207,F,8,Blue,7,R,R,0,0.63820365,0.115776248,-2.156095848,0.075462178,-2.584123704
25208,M,2,Blue,8,L,R,0,0.403926578,0.107262012,-2.232480724,0.071299044,-2.640872356
25212,M,14,Blue,8,L,R,1,0.403281804,0.028304798,-3.564723945,0.025881759,-3.654216842
25214,M,9,Blue,7,L,R,0,0.438599804,0.051319052,-2.969693207,0.038946093,-3.24557681
25216,F,7,Red,8,R,R,0,0.544730537,0.052470339,-2.947507247,0.040226168,-3.213237549
25221,F,11,Blue,7,L,R,0,0.563222395,0.123826204,-2.088876279,0.073949116,-2.604378043
25224,M,12,Blue,7,R,R,0,0.561257591,0.161877501,-1.820915394,0.093951581,-2.36497573
25251,F,10,Blue,7,R,R,0,0.514933418,0.165677018,-1.79771506,0.097014579,-2.332894011
25253,F,9,Blue,5,L,R,0,0.572065381,0.093602308,-2.368700236,0.052319379,-2.950388449
25254,M,1,Green,1,L,R,1,0.600913629,0.171931478,-1.760659266,0.103515483,-2.268034084
25255,F,6,Blue,5,R,R,0,0.566601642,0.028474987,-3.558729241,0.024555522,-3.706818534
25256,M,2,Green,1,R,R,0,0.51657745,0.257297788,-1.357521155,0.156530926,-1.854501676
25259,M,3,Green,7,R,R,0,0.582269986,0.214691805,-1.538551746,0.115272272,-2.160458367
25260,F,10,Blue,6,L,R,0,0.473950396,0.088169876,-2.428489915,0.055599383,-2.889583181
25262,F,2,Green,5,R,R,0,0.518949629,0.141647501,-1.954413693,0.086972251,-2.442166167
25263,M,7,Green,4,R,R,0,0.436679158,0.104594672,-2.257662663,0.067052778,-2.702275234
25266,F,7,Green,3,L,R,0,0.507672675,0.177323415,-1.72978001,0.094775545,-2.356243865
25269,F,10,Blue,5,R,R,1,0.539608067,0.103496346,-2.268218976,0.057474018,-2.856422296
25270,M,7,Green,7,R,R,0,0.592563829,0.13254338,-2.020845292,0.071903114,-2.632435702
25272,M,8,Green,3,R,R,1,0.409319895,0.222672939,-1.502051227,0.124853039,-2.08061792
25276,F,3,Green,3,L,R,0,0.539514511,0.033796008,-3.387412598,0.027456358,-3.595157522
25277,M,5,Green,3,L,R,0,0.422279436,0.04484129,-3.104625906,0.033537926,-3.395078353
25278,F,4,Green,3,R,R,0,0.548480613,0.140732643,-1.960893335,0.084760911,-2.467920795
25279,M,8,Green,4,L,R,1,0.402446293,0.080019382,-2.525486399,0.051797513,-2.960413142
25280,M,2,Red,7,R,R,0,0.588451986,0.100407684,-2.298516543,0.064127303,-2.746885064
25281,M,16,Blue,5,R,R,0,0.522104131,0.070238101,-2.655864363,0.046640982,-3.06527568
25283,M,15,Blue,5,L,R,0,0.871509015,0.062736825,-2.76880669,0.045291793,-3.094629438
25284,M,6,Green,6,L,R,0,0.693380169,0.051111215,-2.973751332,0.037575538,-3.281402037
25285,M,2,Red,6,L,R,0,0.587461428,0.131007056,-2.032504096,0.073293285,-2.613286286
25287,F,14,Blue,6,L,R,1,0.625698344,0.074649217,-2.59495525,0.054751645,-2.904947866
25288,M,6,Green,3,R,R,0,0.483630606,0.066615023,-2.70882516,0.045519784,-3.08960824
25289,F,5,Green,6,R,R,0,0.610382078,0.140328173,-1.963771503,0.087399895,-2.437261199
25291,F,2,Green,7,L,R,0,0.526394056,0.079874306,-2.52730105,0.052965881,-2.938107324
25292,F,13,Blue,5,L,R,1,0.579262161,0.165020033,-1.801688401,0.095382063,-2.349864742
25293,F,4,Red,6,L,R,0,0.441954896,0.275014774,-1.290930458,0.144415977,-1.935057415
25294,F,7,Red,5,L,R,0,0.818214751,0.060582904,-2.803742542,0.044857147,-3.104272342
25352,M,1,Blue,6,R,R,0,0.519075973,0.065464375,-2.726249182,0.047834427,-3.040009664
25353,F,2,Red,8,L,R,0,0.709051676,0.060245665,-2.809324653,0.043225915,-3.14131509
25354,M,6,Green,8,R,R,0,0.461522267,0.129482398,-2.044210332,0.075475367,-2.583948943
25359,F,1,Green,3,L,R,0,0.545385988,0.034875132,-3.355981256,0.027828026,-3.581711646
25360,M,8,Green,8,R,R,0,0.768932514,0.083694114,-2.48058663,0.054114213,-2.916658402
25361,F,2,Green,8,R,R,0,0.564510394,0.071966506,-2.631554467,0.048775392,-3.020529356
25373,M,5,Blue,2,R,R,0,0.649761931,0.124397565,-2.084272673,0.069126617,-2.671815423
25401,M,7,Green,8,L,R,0,0.519029344,0.180392624,-1.71261956,0.088629692,-2.423288349
25426,M,8,Blue,6,L,R,0,0.879840921,0.070611968,-2.650555625,0.048372998,-3.028813514
25429,M,1,Red,7,L,R,0,0.564848039,0.136352318,-1.992513169,0.076829069,-2.566172205
25430,M,7,Blue,6,R,R,0,0.552773833,0.033680753,-3.390828729,0.027707116,-3.586066009
25432,M,3,Blue,5,L,R,0,0.813404156,0.014269096,-4.249659211,0.013807516,-4.282542233
25436,F,5,Blue,6,R,R,0,0.508028213,0.047191849,-3.053534089,0.039291209,-3.236754473
25437,F,6,Red,6,L,R,0,0.406096058,0.092350984,-2.382158913,0.056416642,-2.874991095
25440,F,8,Red,5,R,R,0,0.556402771,0.088852569,-2.420776808,0.057283387,-2.859744634
25441,F,14,Blue,5,R,R,0,0.454046138,0.142792785,-1.946360756,0.079827622,-2.5278857
25443,M,4,Blue,5,R,R,0,0.553843283,0.163140271,-1.81314489,0.087346935,-2.43786733
25444,F,8,Green,2,L,R,0,0.934858668,0.062751105,-2.768579086,0.04164709,-3.178523771
25447,M,1,Red,6,R,R,0,0.509774138,0.141149818,-1.957933411,0.078375113,-2.546248838
25448,M,3,Green,6,R,R,0,0.564163918,0.123032188,-2.095309263,0.075778843,-2.579936141
25449,F,3,Red,6,R,R,0,0.458749831,0.191591747,-1.652388491,0.094865994,-2.355289978
25450,M,4,Green,6,L,R,0,0.524184306,0.034556927,-3.365147253,0.028577351,-3.555140807